INSERT INTO bookmarket.author (id, fname, sname, dob) VALUES (2, 'Иван', 'Иванов', '2000-04-21');
INSERT INTO bookmarket.author (id, fname, sname, dob) VALUES (3, 'Владислав', 'Чуев', '2000-11-05');
INSERT INTO bookmarket.author (id, fname, sname, dob) VALUES (4, 'Дмитрий', 'Николаев', '1980-05-12');
INSERT INTO bookmarket.author (id, fname, sname, dob) VALUES (5, 'Кирилл', 'Петров', '1995-12-22');
INSERT INTO bookmarket.author (id, fname, sname, dob) VALUES (6, 'Лев', 'Давыдычев', '1927-01-01');
INSERT INTO bookmarket.author (id, fname, sname, dob) VALUES (7, 'Николай ', 'Рубцов', '1936-01-03');
INSERT INTO bookmarket.author (id, fname, sname, dob) VALUES (8, 'Анатолий', 'Рыбаков', '1931-01-14');
INSERT INTO bookmarket.author (id, fname, sname, dob) VALUES (9, 'Пётр ', 'Ершов', '1815-03-06');
INSERT INTO bookmarket.client (id, fname, sname, phone_number, email, c_address) VALUES (1, 'Никита', 'Борисов', '88005553535', 'boriska1995.02@gmail.com', 'Рихарда Зорге 38/1 36');
INSERT INTO bookmarket.client (id, fname, sname, phone_number, email, c_address) VALUES (2, 'Максим', 'Петрович', '2852751', 'max_pro2020@mail.com', 'ул.Пушкина дом 36');
INSERT INTO bookmarket.client (id, fname, sname, phone_number, email, c_address) VALUES (4, 'Иван', 'Иванов', '32132131321', 'ivi@yandex.ru', 'Ростовская 24/2');
INSERT INTO bookmarket.client (id, fname, sname, phone_number, email, c_address) VALUES (6, 'Виктория', 'Алексеевна', '89659204058', 'zykeppavah-8277@yopmail.com', 'ул. 8 марта 32/1');
INSERT INTO bookmarket.client (id, fname, sname, phone_number, email, c_address) VALUES (7, 'Илья', 'Станиславович', '32132131321', 'edifapipp-3689@yopmail.com', 'ул. Новомостовая 13/4');
INSERT INTO bookmarket.client (id, fname, sname, phone_number, email, c_address) VALUES (8, 'Михаил ', 'Артёмович', '2852751', 'azegujih-4829@yopmail.com', 'ул. Подмастерная 48/2');
INSERT INTO bookmarket.client (id, fname, sname, phone_number, email, c_address) VALUES (9, 'Михаил', 'Сергеевич', '2852751', 'mozurubuh-3670@yopmail.com', 'ул. Менделеева 45/4');
INSERT INTO bookmarket.genre (id, title) VALUES (1, 'Детектив');
INSERT INTO bookmarket.genre (id, title) VALUES (3, 'ЛитРПГ');
INSERT INTO bookmarket.genre (id, title) VALUES (5, 'Приключение');
INSERT INTO bookmarket.genre (id, title) VALUES (6, 'Романтика');
INSERT INTO bookmarket.genre (id, title) VALUES (7, 'Драма');
INSERT INTO bookmarket.genre (id, title) VALUES (8, 'Мистика');
INSERT INTO bookmarket.genre (id, title) VALUES (9, 'Психология');
INSERT INTO bookmarket.genre (id, title) VALUES (10, 'Боевик');
INSERT INTO bookmarket.genre (id, title) VALUES (11, 'Триллер');
INSERT INTO bookmarket.genre (id, title) VALUES (12, 'Фантастика');
INSERT INTO bookmarket.genre (id, title) VALUES (13, 'Фэнтэзи');
INSERT INTO bookmarket.genre (id, title) VALUES (14, 'Комедия');
INSERT INTO bookmarket.orders (id, create_date, id_client, o_state) VALUES (3, '2020-12-22', 1, 'done');
INSERT INTO bookmarket.orders (id, create_date, id_client, o_state) VALUES (4, '2020-12-04', 2, 'operating');
INSERT INTO bookmarket.orders (id, create_date, id_client, o_state) VALUES (5, '2020-12-23', 4, 'done');
INSERT INTO bookmarket.orders (id, create_date, id_client, o_state) VALUES (6, '2020-12-28', 1, 'operating');
INSERT INTO bookmarket.orders (id, create_date, id_client, o_state) VALUES (7, '2020-11-21', 2, 'canceled');
INSERT INTO bookmarket.orders (id, create_date, id_client, o_state) VALUES (8, '2020-12-28', 4, 'operating');
INSERT INTO bookmarket.orders (id, create_date, id_client, o_state) VALUES (9, '2020-08-06', 6, 'canceled');
INSERT INTO bookmarket.orders (id, create_date, id_client, o_state) VALUES (10, '2020-12-26', 6, 'paid');
INSERT INTO bookmarket.orders (id, create_date, id_client, o_state) VALUES (11, '2020-06-04', 7, 'paid');
INSERT INTO bookmarket.orders (id, create_date, id_client, o_state) VALUES (12, '2020-12-28', 7, 'operating');
INSERT INTO bookmarket.orders (id, create_date, id_client, o_state) VALUES (13, '2020-12-17', 8, 'done');
INSERT INTO bookmarket.orders (id, create_date, id_client, o_state) VALUES (14, '2020-12-02', 8, 'done');
INSERT INTO bookmarket.orders (id, create_date, id_client, o_state) VALUES (15, '2019-12-13', 9, 'operating');
INSERT INTO bookmarket.orders (id, create_date, id_client, o_state) VALUES (16, '2020-06-11', 9, 'paid');
INSERT INTO bookmarket.orders (id, create_date, id_client, o_state) VALUES (17, '2020-12-28', 9, 'operating');
INSERT INTO bookmarket.book (id, title, public_date, raiting, b_state, amount, price, author_id) VALUES (2, 'Победа', '2020-12-17', '0+', 'n_available', 0, 288, 5);
INSERT INTO bookmarket.book (id, title, public_date, raiting, b_state, amount, price, author_id) VALUES (3, 'Весёлая история из школы', '2016-03-08', '0+', 'available', 1000, 0, 3);
INSERT INTO bookmarket.book (id, title, public_date, raiting, b_state, amount, price, author_id) VALUES (4, 'Игра года', '2020-12-01', '16+', 'available', 143, 1999, 5);
INSERT INTO bookmarket.book (id, title, public_date, raiting, b_state, amount, price, author_id) VALUES (5, 'Будет Кровь', '2021-01-31', '18+', 'pre_order', 1000, 726, 9);
INSERT INTO bookmarket.book (id, title, public_date, raiting, b_state, amount, price, author_id) VALUES (6, 'Разговоры с друзьями', '2000-10-28', '6+', 'available', 500, 462, 4);
INSERT INTO bookmarket.book (id, title, public_date, raiting, b_state, amount, price, author_id) VALUES (7, 'Горячая голова', '2010-06-25', '12+', 'n_available', 0, 561, 2);
INSERT INTO bookmarket.book (id, title, public_date, raiting, b_state, amount, price, author_id) VALUES (8, 'Икабог', '2001-02-13', '0+', 'n_available', 0, 590, 4);
INSERT INTO bookmarket.book (id, title, public_date, raiting, b_state, amount, price, author_id) VALUES (9, 'Мы не рабы', '2011-04-18', '16+', 'available', 120, 720, 2);
INSERT INTO bookmarket.book (id, title, public_date, raiting, b_state, amount, price, author_id) VALUES (10, 'Нить времени', '2002-02-05', '12+', 'available', 500, 653, 3);
INSERT INTO bookmarket.book (id, title, public_date, raiting, b_state, amount, price, author_id) VALUES (11, 'На той стороне', '2012-12-11', '12+', 'available', 600, 493, 9);
INSERT INTO bookmarket.book (id, title, public_date, raiting, b_state, amount, price, author_id) VALUES (12, 'Неправильная ведьма', '2003-10-16', '18+', 'available', 200, 337, 8);
INSERT INTO bookmarket.book (id, title, public_date, raiting, b_state, amount, price, author_id) VALUES (13, 'Инферняня', '2013-08-23', '16+', 'n_available', 0, 600, 8);
INSERT INTO bookmarket.book (id, title, public_date, raiting, b_state, amount, price, author_id) VALUES (14, 'Записки счастливого человека', '2004-05-22', '0+', 'available', 1000, 2000, 6);
INSERT INTO bookmarket.book (id, title, public_date, raiting, b_state, amount, price, author_id) VALUES (15, 'Своя чужая жизнь', '2009-10-16', '16+', 'available', 5000, 329, 6);
INSERT INTO bookmarket.book (id, title, public_date, raiting, b_state, amount, price, author_id) VALUES (16, 'Гаргона', '2006-09-18', '6+', 'available', 222, 420, 7);
INSERT INTO bookmarket.book (id, title, public_date, raiting, b_state, amount, price, author_id) VALUES (17, 'Тайны тёмной осени', '2005-08-23', '12+', 'available', 600, 519, 8);
INSERT INTO bookmarket.book (id, title, public_date, raiting, b_state, amount, price, author_id) VALUES (18, 'Ставленник богини', '2007-07-17', '12+', 'available', 2555, 734, 6);
INSERT INTO bookmarket.book (id, title, public_date, raiting, b_state, amount, price, author_id) VALUES (19, 'Город и ветер', '2008-03-18', '0+', 'available', 242, 1090, 7);
INSERT INTO bookmarket.book (id, title, public_date, raiting, b_state, amount, price, author_id) VALUES (20, 'Брилиантовый дождь', '2014-10-15', '12+', 'n_available', 0, 1400, 8);
INSERT INTO bookmarket.book (id, title, public_date, raiting, b_state, amount, price, author_id) VALUES (21, 'Голос моей души', '2015-04-23', '0+', 'available', 1000, 149, 8);
INSERT INTO bookmarket.book (id, title, public_date, raiting, b_state, amount, price, author_id) VALUES (22, 'Оковы чести', '2017-06-12', '12+', 'available', 150, 1000, 6);
INSERT INTO bookmarket.book (id, title, public_date, raiting, b_state, amount, price, author_id) VALUES (23, 'Золотая мафия', '2018-12-17', '18+', 'n_available', 0, 448, 5);
INSERT INTO bookmarket.book (id, title, public_date, raiting, b_state, amount, price, author_id) VALUES (24, 'Парный дурак', '2019-08-14', '16+', 'available', 1000, 1699, 3);
INSERT INTO bookmarket.order_book (book_id, amount, order_id) VALUES (2, 1, 3);
INSERT INTO bookmarket.order_book (book_id, amount, order_id) VALUES (3, 1, 3);
INSERT INTO bookmarket.order_book (book_id, amount, order_id) VALUES (4, 1, 5);
INSERT INTO bookmarket.order_book (book_id, amount, order_id) VALUES (3, 1, 5);
INSERT INTO bookmarket.order_book (book_id, amount, order_id) VALUES (3, 1, 4);
INSERT INTO bookmarket.order_book (book_id, amount, order_id) VALUES (4, 10, 3);
INSERT INTO bookmarket.order_book (book_id, amount, order_id) VALUES (24, 1, 6);
INSERT INTO bookmarket.order_book (book_id, amount, order_id) VALUES (23, 1, 7);
INSERT INTO bookmarket.order_book (book_id, amount, order_id) VALUES (22, 12, 8);
INSERT INTO bookmarket.order_book (book_id, amount, order_id) VALUES (20, 3, 9);
INSERT INTO bookmarket.order_book (book_id, amount, order_id) VALUES (16, 1, 10);
INSERT INTO bookmarket.order_book (book_id, amount, order_id) VALUES (17, 1, 11);
INSERT INTO bookmarket.order_book (book_id, amount, order_id) VALUES (12, 2, 12);
INSERT INTO bookmarket.order_book (book_id, amount, order_id) VALUES (7, 3, 13);
INSERT INTO bookmarket.order_book (book_id, amount, order_id) VALUES (9, 1, 14);
INSERT INTO bookmarket.order_book (book_id, amount, order_id) VALUES (13, 2, 15);
INSERT INTO bookmarket.order_book (book_id, amount, order_id) VALUES (18, 1, 16);
INSERT INTO bookmarket.order_book (book_id, amount, order_id) VALUES (10, 1, 17);
INSERT INTO bookmarket.book_genre (book_id, genre_id) VALUES (2, 5);
INSERT INTO bookmarket.book_genre (book_id, genre_id) VALUES (2, 3);
INSERT INTO bookmarket.book_genre (book_id, genre_id) VALUES (2, 6);
INSERT INTO bookmarket.book_genre (book_id, genre_id) VALUES (3, 6);
INSERT INTO bookmarket.book_genre (book_id, genre_id) VALUES (4, 8);
INSERT INTO bookmarket.book_genre (book_id, genre_id) VALUES (4, 7);
INSERT INTO bookmarket.book_genre (book_id, genre_id) VALUES (17, 9);
INSERT INTO bookmarket.book_genre (book_id, genre_id) VALUES (5, 11);
INSERT INTO bookmarket.book_genre (book_id, genre_id) VALUES (7, 14);
INSERT INTO bookmarket.book_genre (book_id, genre_id) VALUES (15, 12);
INSERT INTO bookmarket.book_genre (book_id, genre_id) VALUES (16, 13);
INSERT INTO bookmarket.book_genre (book_id, genre_id) VALUES (22, 14);
INSERT INTO bookmarket.book_genre (book_id, genre_id) VALUES (6, 14);
INSERT INTO bookmarket.book_genre (book_id, genre_id) VALUES (8, 8);
INSERT INTO bookmarket.book_genre (book_id, genre_id) VALUES (9, 10);
INSERT INTO bookmarket.book_genre (book_id, genre_id) VALUES (10, 6);
INSERT INTO bookmarket.book_genre (book_id, genre_id) VALUES (11, 12);
INSERT INTO bookmarket.book_genre (book_id, genre_id) VALUES (12, 13);
INSERT INTO bookmarket.book_genre (book_id, genre_id) VALUES (12, 14);
INSERT INTO bookmarket.book_genre (book_id, genre_id) VALUES (13, 5);
INSERT INTO bookmarket.book_genre (book_id, genre_id) VALUES (14, 9);
INSERT INTO bookmarket.book_genre (book_id, genre_id) VALUES (18, 12);
INSERT INTO bookmarket.book_genre (book_id, genre_id) VALUES (20, 8);
INSERT INTO bookmarket.book_genre (book_id, genre_id) VALUES (21, 6);
INSERT INTO bookmarket.book_genre (book_id, genre_id) VALUES (23, 11);
INSERT INTO bookmarket.book_genre (book_id, genre_id) VALUES (24, 6);
INSERT INTO bookmarket.book_genre (book_id, genre_id) VALUES (24, 7);